101A	x
101B	x
101C	x
102	c
103	p
104	p
105	p
106	p
107	p
108	p
109	p
110	c
111	p
112	p
113	c
114	p
115	p
116	p
117	p
121	p
122	p
123	p
124	p
125	m
126	p
127	p
128	x
129	m
130	p
140	p
181	p
181	p
182	p
183	p
184	p
185	p
186	c
201	p
202	p
203	p
204	p
205	p
206	p
207	p
208	p
209	p
210	p
211	p
212	p
213	p
214	p
215	p
216	p
217	p
218	m
219	p
220	p
221	p
222	p
223	p
224	p
225	p
226	p
227	m
228	p
281	m
281	p
282	m
282	m
283	p
284	p
285	p
286	p
287	p
288	p
289	p
290	p
291	p
292	p
293	x
301	m
302	p
303	m
304	p
305	p
306	p
307	p
308	p
309	m
310	p
311	p
312	p
313	m
314	p
315	c
316	p
317	p
318A	p
318B	p
319	p
320	x
321	m
322	m
381	x
382	p
383	p
384	p
385	p
386	p
401	p
402A	p
402B	p
403	p
404	p
405	m
406A	p
406B	p
407	p
408	p
409	m
410	m
411	x
412	p
413	p
415	m
421	m
422A	p
422B	p
422C	p
423	p
424	m
425	m
481	p
482	m
483	p
484	p
485	c
501A	x
501B	x
502	o
503	o
504	o
505	o
506	x
507	o
508	o
509	o
510A	c
510B	p
511A	c
511B	p
512	m
513	m
514	x
515	m
516	m
517	m
518A	m
518B	m
519	m
520	x
521	m
522	m
523	m
524	m
525	m
581	o
582	o
583	o
584	o
585	o
586	x
587	x
588	m
589	m
590	m
591	m
592	m
593	m
701	p
702	p
703	p
704A	p
704B	p
705	p
706	p
707	p
708A	p
708B	p
709	p
710	p
711	p
712	p
713	p
714	p
715	m
716	p
717A	p
717B	p
717C	p
718	p
719	p
720	p
721	p
722	p
723	p
724	p
725	p
726	x
727	p
728	p
781	p
782	p
783	p
784	m
785	p
786	p
787	p
788	p
789	p
790	p
791	p
792	p
793	p
794	p
795	p
796	p
797	x
798	x
801	p
802	p
803	p
804	p
805	p
806	p
807	p
808	p
809	p
810	p
811	p
812	p
813A	p
813B	p
814	m
815	p
816	p
817	p
818	p
819	p
820	p
821	m
822	p
823	p
824	p
825	p
826	p
827	m
828	p
829	m
830A	c
830B	c
831	m
832	m
833	p
834	p
835	p
836	p
838	p
839	m
840	p
841	m
842	m
843	m
844	m
845	m
870A	p
870B	p
870C	p
881	p
881	p
882	p
882	m
883	m
883	p
884	p
885	p
886	c
887	c
888	x
889	m
890	p
891	p
891	m
892	p
892	m
901	p
902	p
903	p
904	p
905	p
906	m
907	p
908	p
909	p
910	p
911	p
912	p
913	p
914	p
916	m
917	m
918	m
921	m
922	p
923	m
924	p
925	m
926	p
927	p
928	p
929	p
930A	c
930B	x
930C	c
931	p
932A	p
932B	p
981	c
982	p
983	p
984	c
985	x
986	p
987	p
988	p
989	p
991	p